CREATE TABLE CUSTOMER (	CUSTOMER_ID INTEGER NOT NULL PRIMARY KEY AUTOINCREMENT,	DOGOVOR_NO TEXT(20),	SURNAME TEXT(100),	FIRSTNAME TEXT(30),	MIDLENAME TEXT(30));CREATE TABLE EQUIPMENT (	EID INTEGER NOT NULL PRIMARY KEY AUTOINCREMENT,	NAME TEXT(50) NOT NULL,	IP TEXT(15),	MAC TEXT(18));CREATE TABLE TV_LAN (	LAN_ID INTEGER NOT NULL PRIMARY KEY AUTOINCREMENT,	CUSTOMER_ID INTEGER NOT NULL,	IP TEXT(15) NOT NULL,	PORT TEXT(10),	NOTICE TEXT(500),	EQ_ID INTEGER,	CONSTRAINT TV_LAN_CUSTOMER_FK FOREIGN KEY (CUSTOMER_ID) REFERENCES CUSTOMER(CUSTOMER_ID),	CONSTRAINT TV_LAN_EQUIPMENT_FK FOREIGN KEY (EQ_ID) REFERENCES EQUIPMENT(EID));CREATE TABLE SERVICES (	SERVICE_ID INTEGER NOT NULL PRIMARY KEY AUTOINCREMENT,	NAME TEXT(60) NOT NULL,	BUSINESS_TYPE INTEGER);CREATE TABLE SUBSCR_SERV (	SUBSCR_SERV_ID INTEGER NOT NULL PRIMARY KEY AUTOINCREMENT,	CUSTOMER_ID INTEGER NOT NULL,	SERV_ID INTEGER NOT NULL,	STATE_SGN INTEGER NOT NULL,	STATE_DATE DATE(),	CONSTRAINT SUBSCR_SERV_SERVICES_FK FOREIGN KEY (SERV_ID) REFERENCES SERVICES(SERVICE_ID),	CONSTRAINT SUBSCR_SERV_CUSTOMER_FK FOREIGN KEY (CUSTOMER_ID) REFERENCES CUSTOMER(CUSTOMER_ID));INSERT INTO SERVICES (SERVICE_ID,NAME,BUSINESS_TYPE) VALUES (1,'Абонплата КТВ',0); (2,'Начальное сальдо',0), (3,'Подключение',0), (4,'Повторное подключение',0), (5,'Отключение неуплата',0), (6,'Отключение по заявлению',0), (7,'Подключение бесплатно',0), (12,'Полный месяц',0), (15,'Цифровое ТВ',0), (17,'Абонплата Ст50',0), (8758944,'Интернет450',1), (8906833,'Интернет350',1), (8911206,'Интернет250',1), (11410662,'Интернет150',1), (11410665,'Интернет590',1), (12607750,'ЮЛ Интернет500',1), (12613020,'интернет - Медиа конвертер',0), (12613022,'интернет - Wi-Fi Router',0), (12613024,'интернет - Шкаф телекомуникационный',0), (12607752,'ЮЛ Интернет1000',1), (12613026,'интернет/ подкл.перв1000',0), (12618263,'интернет подкл.перв2000',0), (13157801,'интернет подкл.перв500',0), (13163726,'ЮЛ Интернет1500',1), (13169387,'ЮЛ Интернет1300',1), (13169418,'ЮЛ Интернет1200',1), (13204210,'интернет подкл.перв1500',0), (13204226,'ЮЛ Интернет3100',1), (13204345,'интернет подкл.перв3500',0), (13266970,'интернет подкл.перв10000',0), (12607754,'ЮЛ Интернет2000',1), (13274545,'ЮЛ Интернет3500',1), (12607756,'ЮЛ Интернет3000',1), (13221778,'по факту',0), (13274790,'Изменение тарифа',0), (13275316,'интернет - Монтаж оптики',0), (13275319,'интернет - Оптика (кабель)',0), (13275919,'интернет - Wi-Fi Адаптер',0), (13278039,'Тех.поддержка',0), (13221781,'ЮЛ Интернет2500',1), (13275599,'Интернет800',1), (13280846,'ФЛ подк.550',0), (13281166,'Корректировка обновления',0), (13298636,'Комплекс499',1), (13289633,'Интернет300',1), (13290597,'Грозозащита',2), (13293926,'Статический IP адрес',1), (13302577,'Пени, в размере 3-х месячной абонентской платы',0), (13458774,'Интернет600',1), (13459899,'IP Лайт 599',1), (13459906,'IP Базовый 730',1), (13459929,'IP Лайт+HD 799',1), (13459936,'IP Базовый+HD 930',1), (13459943,'IP Детям 75',1), (13459950,'IP Новости 55',1), (13459957,'IP Кино 115',1), (13459964,'IP Кругозор 115',1), (13459971,'IP Музыка 70',1), (13459978,'IP Спорт 75',1), (13459985,'IP Плюс Кино 380',1), (13459991,'IP Плюс Футбол 380',1), (13459998,'IP Кино и Футбол 580',1), (13460005,'IP A-Media 99',1), (13460012,'IP Дождь 240',1), (13460019,'IP Наш Футбол 219',1), (13460026,'IP HD 220',1), (13460033,'IP Клубничка 140',1), (13466084,'ЮЛ Интернет5000',1), (13467136,'Интернет1000',1), (13467158,'МАС 322 приставка',1), (13491854,'Служебный интернет',1), (13530599,'Интернет 0',1), (13615054,'Интернет500',1), (13615473,'интернет подкл.перв5000',0), (13629610,'ЮЛ Интернет2200',1), (13631339,'ЮЛ Интернет4000',1), (13667571,'ЮЛ Интернет0',1);INSERT INTO CUSTOMER(CUSTOMER_ID, DOGOVOR_NO, SURNAME, FIRSTNAME, MIDLENAME) VALUES(10097, '00094', 'Серова', 'Наталья', 'Леонидовна'),(10104, '00101', 'Смирнов', 'Владимир', 'Евстафьевич'),(10204, '00196', 'Раздымахо', 'Галина', 'Михайловна'),(10143, '00137', 'Буданов', 'Александр', 'Васильевич'),(10191, '00183', 'Усов', 'Юрий', 'Александрович'),(10473, '00450', 'Павлов', 'Сергей', 'Владимирович'),(10498, '00473', 'Пивова', 'Наталья', 'Леонидовна'),(12061, '01981', 'Чернецов', 'Александр', 'Михайлович'),(11873, '01797', 'Веселова', 'Елена', 'Геннадьевна'),(14273, '04111', 'Филатов', 'Антон', 'Николаевич'),(23492, '12311', 'Половинкин', 'Виталий', 'Сергеевич'),(17727, '07308', 'Егоров', 'Дмитрий', 'Федорович'),(19079, '08536', 'Соколов', 'Илья', 'Николаевич'),(19746, '09172', 'Ефремова', 'Елена', 'Валерьевна'),(10874, '00836', 'Катаева', 'Юлия', 'Сергеевна'),(10454, '00432', 'Габерман', 'Ольга', 'Эдуардовна'),(14583, '04412', 'Ступин', 'Сергей', 'Константинович'),(21596, '10893', 'Цветкова', 'Ирина', 'Евгеньевна'),(17256, '06897', 'Аверьянов', 'Алексей', 'Леонидович'),(22945, '12009', 'Погодина', 'Наталья', 'Игоревна'),(22637, '11803', 'Кислицина', 'Татьяна', 'Юрьевна'),(22358, '11560', 'Жукова', 'Татьяна', 'Александровна'),(22464, '11645', 'Савин', 'Александр', 'Александрович'),(22658, '11825', 'Варенцова', 'Светлана', 'Александровна'),(21623, '10923', 'Соловьева', 'Мария', 'Николаевна'),(22462, '11643', 'Бритов', 'Сергей', 'Вячеславович'),(17948, '07506', 'Павленко', 'Елена', 'Валентиновна'),(17492, '07105', 'Воронина', 'Наталия', 'Павловна'),(15185, '04992', 'Гайдук', 'Ольга', 'Александровна'),(18544, '08048', 'Герасимова', 'Александра', 'Павловна');INSERT INTO TV_LAN (LAN_ID, CUSTOMER_ID, IP, PORT, NOTICE, EQ_ID)VALUES(13666746, 10097, '86.27.224.32', 11, 'Dist-01', 13290150),(13301262, 10104, '86.27.224.33', 1, 'Dist-01', 13290149),(13460078, 10143, '86.27.224.37', 2, 'Dist-01', 13290405),(13388973, 10191, '1.1.1.1', 4, '', 13290331),(13293732, 10204, '86.27.224.44', 22, 'Dist-01', 13290423),(13293767, 10454, '86.27.224.69', 14, 'Dist-01', 13290659),(13297175, 10473, '86.27.224.71', 10, 'Dist-01', 13290144),(13293708, 10498, '86.27.224.77', 10, 'Dist-01', 13290142),(13467925, 10874, '86.27.224.121', 20, 'Dist-01', 13290305),(13294779, 12061, '1.1.1.1', 14, '', 13290307),(13301441, 11873, '1.1.1.1', 7, '', 13290313),(13660331, 19079, '108.32.67.198', 16, 'Dist-02', 13290393),(13442500, 14273, '1.1.1.1', 12, '', 13290421),(13728173, 14583, '86.27.226.103', 2, 'Dist-02', 13290333),(13291240, 15185, '108.32.66.13', 17, 'Dist-01', 13290140),(13306388, 17492, '108.32.66.124', 1, 'Dist-01', 13290322),(13290987, 17727, '108.32.67.156', 15, 'Dist-02', 13290402),(13648724, 18544, '108.32.66.150', 17, 'Dist-01', 13290128),(13583941, 19746, '108.32.67.228', 1, 'Dist-02', 13290391),(13299629, 21596, '86.27.227.249', 1, 'Dist-03', 13290680),(13416548, 22358, '108.32.68.111', 9, 'Dist-03', 13416510),(13441200, 22464, '108.32.68.140', 23, 'Dist-03', 13290685),(13452451, 22658, '108.32.68.172', 1, 'Dist-03', 13452355),(13452157, 22637, '108.32.68.168', 2, 'Dist-03', 13452148),(13466530, 22945, '108.32.68.220', 6, 'Dist-03', 13451827),(13568451, 23492, '1.1.1.1', 15, 'Dist-01', 13290408);INSERT INTO SUBSCR_SERV  (SUBSCR_SERV_ID,CUSTOMER_ID,SERV_ID,STATE_SGN,STATE_DATE) VALUES 
(38006,10097,1,0,'2022-12-19'), (13666286,10097,13298636,1,'2022-12-19'), (38524,10104,1,0,'2024-02-19'), (13301175,10104,8906833,0,'2024-02-19'), (13728373,10104,13298636,1,'2024-02-19'), (42058,10143,1,0,'2017-06-01'), (13459845,10143,13298636,1,'2017-06-19'), (48616,10191,1,0,'2024-01-16'), (13388961,10191,8906833,0,'2015-10-27'), (13388965,10191,13298636,0,'2024-01-16'), (13728617,10191,13458774,0,'2024-02-08'), (51111,10204,1,1,'2010-02-03'), (13282369,10204,8758944,1,'2023-07-26'), (119343,10454,1,0,'2021-05-13'), (13288610,10454,8758944,0,'2021-05-13'), (13646952,10454,13298636,1,'2021-05-13'), (126015,10473,1,1,'2010-04-01'), (13268837,10473,8911206,0,'2017-03-20'), (13458101,10473,13289633,1,'2017-03-20'), (136071,10498,1,0,'2020-07-23'), (13273887,10498,8758944,0,'2020-07-23'), (13616521,10498,13298636,1,'2020-07-23'), (363617,10874,1,0,'2022-04-18'), (13467712,10874,8906833,0,'2022-04-18'), (13660426,10874,13298636,1,'2022-04-18'), (1972515,12061,1,1,'2010-06-15'), (13267548,12061,8911206,0,'2023-07-25'), (1621216,11873,1,0,'2022-06-28'), (13301366,11873,13298636,0,'2023-10-10'), (13282220,19079,17,0,'2016-03-01'), (13403235,19079,13298636,1,'2022-04-13'), (13403247,19079,1,0,'2016-05-11'), (7677246,14273,1,0,'2024-02-01'), (13265175,14273,8906833,0,'2024-02-01'), (8941860,14583,1,0,'2024-02-01'), (13267029,14583,8906833,0,'2014-10-08'), (13728166,14583,13298636,1,'2024-02-01'), (11440385,15185,8758944,0,'2014-05-23'), (13292824,15185,8906833,0,'2015-03-10'), (13297535,15185,17,0,'2020-07-24'), (13303760,15185,13298636,0,'2023-05-08'), (13272975,17256,1,1,'2013-04-05'), (13274091,17492,8911206,0,'2018-09-24'), (13468334,17492,8906833,0,'2024-06-10'), (13297041,17492,1,1,'2014-09-26'), (13275722,17727,8906833,0,'2015-03-16'), (13278942,17727,17,0,'2015-03-16'), (13304077,17727,13298636,1,'2015-03-16'), (13277283,17948,1,1,'2013-10-11'), (13279644,18544,17,0,'2021-04-21'), (13648697,18544,13298636,1,'2021-09-07'), (13583868,19746,13298636,1,'2023-09-26'), (13284806,19746,17,0,'2019-12-23'), (13657652,19746,1,0,'2023-09-26'), (13299490,21596,1,0,'2014-12-01'), (13299493,21596,13298636,1,'2016-09-21'), (13299853,21623,1,1,'2014-11-26'), (13415913,22358,13298636,1,'2016-05-04'), (13441125,22464,8906833,0,'2023-04-20'), (13709578,22464,13298636,1,'2023-04-20'), (13440971,22462,1,1,'2016-07-29'), (13452334,22658,13298636,1,'2020-05-26'), (13452078,22637,13298636,1,'2017-03-01'), (13464503,22945,1,0,'2018-04-01'), (13465739,22945,13298636,1,'2022-02-21'), (13568444,23492,8906833,1,'2019-09-20');

INSERT INTO EQUIPMENT (EID,NAME,IP,MAC) VALUES (13290128,'S2326TP-EI','172.16.0.100',NULL),
(13290140,'DES-3200-26','172.16.0.38',NULL),
 (13290142,'DES-3200-26','172.16.1.55',NULL),
 (13290144,'DES-3200-18/C1','172.16.0.68',NULL),
(13290149,'DES-3200-18','172.16.0.211',NULL),
(13290150,'DES-3200-18','172.16.0.214',NULL),
(13290305,'DES-3200-26','172.16.1.18',NULL),
(13290307,'DES-3200-18','172.16.0.86',NULL),
(13290313,'DGS-1210-28/ME/B1','172.16.1.35',NULL),
(13290322,'DES-3200-26','172.16.1.34',NULL),
(13290331,'DES-3200-18','172.16.0.163',NULL),
(13290333,'DES-3200-18','172.16.1.70',NULL),
(13290391,'DES-3200-26','172.16.1.211',NULL),
(13290393,'DES-3200-26','172.16.1.214',NULL),
(13290402,'DES-3200-18','172.16.1.68',NULL),
(13290405,'DES-3200-18','172.16.1.3',NULL),
(13290408,'DES-3200-18','172.16.1.6',NULL),
(13290421,'DES-3200-26','172.16.0.151',NULL),
(13290423,'DES-3200-26','172.16.0.130',NULL),
(13290659,'DES-3200-18','172.16.1.21',NULL),
(13290680,'DES-3200-26/C1','172.16.2.148',NULL),
(13290685,'DES-3200-26/C1','172.16.2.150',NULL),
(13416510,'DES-3200-18/C1','172.16.4.7',NULL),
(13451827,'DES-3200-18/C1','172.16.4.37',NULL),
(13452148,'DES-3200-18/C1','172.16.4.39',NULL),
(13452355,'DES-3200-18/C1','172.16.4.50',NULL);
